State,Electric (EV),Plug-In Hybrid Electric (PHEV),Hybrid Electric (HEV),Biodiesel,Ethanol/Flex (E85),Compressed Natural Gas (CNG),Propane,Hydrogen,Methanol,Gasoline,Diesel,Unknown Fuel
Alabama,24400,8300,142400,67900,429000,100,100,0,0,4121800,128900,26900
Alaska,4100,1300,18800,12000,45800,0,0,0,0,455800,29500,4800
Arizona,141800,33900,312900,84900,424300,500,600,0,0,5414000,200900,58300
Arkansas,12300,4900,77200,44800,268500,200,0,0,0,2269000,92000,9400
California,1843100,490900,2655000,237600,1315200,9800,1500,16600,0,30935500,742000,7800
Colorado,162800,57100,260300,79600,318300,300,100,0,0,4463500,197400,43800
Connecticut,48800,26400,159800,13200,128200,100,0,0,0,2523200,39300,19800
Delaware,16000,6100,47900,6300,61900,0,0,0,0,780600,14000,5000
District of Columbia,12900,4900,27400,500,14800,0,0,0,0,242200,1600,500
Florida,450400,88400,1037000,213100,1062300,400,100,0,0,15883100,355900,93800
Georgia,161200,32900,382800,115400,695600,300,200,0,0,8192100,206500,73200
Hawaii,35100,9400,56200,4400,35200,0,0,0,0,934600,14900,3400
Idaho,14100,6700,70700,57000,134600,100,100,0,0,1605900,144400,29900
Illinois,164900,51600,527900,73400,750100,300,0,0,0,8500200,169300,67200
Indiana,47200,19400,210700,68400,569000,300,0,0,0,5238600,155700,57800
Iowa,15100,8800,98300,48800,320600,100,0,0,0,2555200,106300,55900
Kansas,18700,7800,87900,33800,246600,200,100,0,0,2177500,87900,14600
Kentucky,20700,8600,122000,46300,351500,300,0,0,0,3379700,118000,21000
Louisiana,22600,5700,104900,73600,361900,100,0,0,0,3120000,115900,17800
Maine,11900,10300,58300,14600,98200,0,0,0,0,1042600,26600,8300
Maryland,120500,41500,302900,36300,286100,200,0,0,0,4152300,82200,30300
Massachusetts,113900,60000,361800,25300,271800,200,0,0,0,4676900,54300,29700
Michigan,112600,42100,312600,85000,854000,300,0,0,0,7044000,172600,48200
Minnesota,59800,24800,219000,62200,493600,100,0,0,0,4239100,125700,23000
Mississippi,7200,3000,64000,42400,286600,100,0,0,0,2263900,75000,8100
Missouri,43700,19600,212400,84300,551900,700,100,0,0,4651100,175900,34600
Montana,6900,4200,39200,46500,88400,0,0,0,0,800000,70100,10800
Nebraska,11800,5500,61100,34000,191600,100,0,0,0,1606800,76500,24200
Nevada,85600,16100,129700,32300,120000,100,100,0,0,2142500,85700,19400
New Hampshire,16100,9500,72900,16000,85500,100,0,0,0,1172900,28100,12500
New Jersey,210000,61900,437800,32600,380500,300,0,0,0,6300400,79800,35000
New Mexico,16600,7100,73600,39400,147900,100,100,0,0,1591800,88600,21100
New York,209300,125100,703500,65400,560900,300,0,0,0,9468900,144500,77000
North Carolina,121000,35500,406100,100700,627000,300,100,0,0,7738700,209600,67800
North Dakota,1900,1100,18000,23500,85500,0,0,0,0,634700,45300,6600
Ohio,94200,37200,394500,85800,818100,700,100,0,0,8831000,195200,58400
Oklahoma,26800,29100,148300,78100,348500,1700,200,0,0,3504900,146700,43100
Oregon,98000,38900,223400,66600,180500,100,100,0,0,2984400,213300,43700
Pennsylvania,113400,55900,492900,83400,628300,400,0,0,0,8747100,191800,37700
Rhode Island,9800,6300,42200,3800,38700,0,0,0,0,691400,9900,4800
South Carolina,35700,13700,182600,56700,394500,100,100,0,0,4378100,113000,43500
South Dakota,3000,2400,23500,25000,94500,0,0,0,0,716800,50600,11600
Tennessee,55400,16100,215800,65900,491300,200,100,0,0,5563600,161200,34900
Texas,387400,79900,1048900,543400,2209700,1300,1100,0,0,21532000,780000,119600
Utah,68400,19200,141700,85900,179900,1900,500,0,0,2530300,163900,25700
Vermont,11900,7700,32200,7900,32700,0,0,0,0,463700,13600,4600
Virginia,134900,39300,398800,54200,467800,300,0,0,0,6639600,151200,27500
Washington,236400,57100,441900,86700,323500,100,100,0,0,5421000,268900,41200
West Virginia,5000,2700,42000,20500,114200,100,0,0,0,1240500,45400,13600
Wisconsin,41900,18600,212300,64100,517700,300,0,0,0,4614400,149000,25800
Wyoming,1900,1200,15600,25500,58300,0,0,0,0,504200,61900,13700
United States,5689100,1765700,13929600,3375000,19561100,23200,5500,16600,0,240682100,7176500,1616900
