Name,Average retail price (cents/kWh),Net summer capacity (MW),Net generation (MWh),Total retail sales (MWh)
Alabama,11.9,30996,142921216,87522932
Alaska,22.17,2853,6690506,6046503
Arizona,12.74,32877,116026511,90843288
Arkansas,9.59,15907,61542484,49895812
California,27.04,96773,214191383,245717145
Colorado,12.07,19817,58798395,56842904
Connecticut,24.37,9994,44761412,27351355
Delaware,13.56,3303,4799212,11373916
District of Columbia,16.88,62,187195,10142915
Florida,12.53,72012,266119236,255095458
Georgia,11.4,39746,139805428,150003965
Hawaii,38,3369,9160979,8952134
Idaho,9.51,5548,20035438,26369555
Illinois,12.21,46279,185012935,133226907
Indiana,11.38,27837,97012880,99219607
Iowa,9.34,23226,70464148,54930422
Kansas,11.21,19356,57696155,41258210
Kentucky,10.07,18380,66950848,74405871
Louisiana,8.8,24707,99622835,95356829
Maine,19.66,5586,14655178,11341591
Maryland,15.04,11718,35424816,59018688
Massachusetts,23.94,11505,20914890,49418575
Michigan,14.16,32139,124200090,98991014
Minnesota,12.35,18213,58595222,64562108
Mississippi,10.93,15961,77336712,48684612
Missouri,11.06,20419,66875710,77776034
Montana,10.83,7183,26872883,15567013
Nebraska,9.07,10868,37228950,35191045
Nevada,11.47,16725,45528427,40664639
New Hampshire,20.61,4470,16942479,10913961
New Jersey,16.29,16606,60175245,73531424
New Mexico,9.18,11887,39697294,30296354
New York,19.66,41288,129015493,140497501
North Carolina,11.65,36337,134965396,136904526
North Dakota,7.93,9684,42557243,29769698
Ohio,11.29,30491,142746706,153707376
Oklahoma,9.09,31907,94069145,72083773
Oregon,11.11,17692,64661249,59680701
Pennsylvania,12.51,48856,241498648,142146514
Rhode Island,24.15,2322,9777026,7414247
South Carolina,10.9,24706,100485416,83961428
South Dakota,10.87,7226,20871994,13637204
Tennessee,10.9,20605,76166766,102962435
Texas,9.79,168317,566502688,505431317
Utah,9.97,10277,35133906,34688083
Vermont,18.41,864,2258891,5458947
Virginia,10.62,29147,102698615,138044772
Washington,10.13,30975,102397711,89981629
West Virginia,11.05,15128,50594818,32990570
Wisconsin,12.72,17430,65276344,68291424
Wyoming,9.14,10846,40709150,17216901
U.S. Total,12.94,1230416,4308634297,3975381832
